year;site;phenotype;id;ps_flor;n_ovu;polen_type;max_polen;min_polen
2019;concordia;154;1;0.014;6;grano de polen;16.5;15
2019;concordia;154;2;0.0154;6;grano de polen;18;18
2019;concordia;154;3;0.0166;4;grano de polen;18;16.5
2019;concordia;154;4;0.0168;4;grano de polen;18;12
2019;concordia;154;5;0.0142;5;grano de polen;16.5;15
2019;concordia;154;6;0.0148;5;grano de polen;19.5;15
2019;concordia;154;7;0.0161;5;grano de polen;21;19.5
2019;concordia;154;8;0.0189;4;grano de polen;22.5;19.5
2019;concordia;154;9;0.017;4;grano de polen;16.5;12
2019;concordia;154;10;0.0117;4;grano de polen;18;16.5
2019;concordia;156;1;0.029;4;grano de polen;13.5;12
2019;concordia;156;2;0.0185;5;grano de polen;18;12
2019;concordia;156;3;0.0155;4;grano de polen;13.5;9
2019;concordia;156;4;0.0146;4;grano de polen;18;12
2019;concordia;156;5;0.0159;5;grano de polen;13.5;9
2019;concordia;156;6;0.0165;4;grano de polen;16.5;12
2019;concordia;156;7;0.0177;3;grano de polen;18;13.5
2019;concordia;156;8;0.0141;5;grano de polen;18;16.5
2019;concordia;156;9;0.0112;5;grano de polen;15;12
2019;concordia;156;10;0.0223;4;grano de polen;13.5;13.5
2019;concordia;161;1;0.081;3;grano de polen;18;18
2019;concordia;161;2;0.0119;5;grano de polen;22.5;21
2019;concordia;161;3;0.0133;4;grano de polen;19.5;18
2019;concordia;161;4;0.096;2;grano de polen;19.5;18
2019;concordia;161;5;0.0125;2;grano de polen;22.5;21
2019;concordia;161;6;0.013;3;grano de polen;18;13.5
2019;concordia;161;7;0.017;4;grano de polen;19.5;18
2019;concordia;161;8;0.0159;3;grano de polen;22.5;21
2019;concordia;161;9;0.074;4;grano de polen;21;19.5
2019;concordia;161;10;0.082;2;grano de polen;22.5;19.5
2019;concordia;171;1;0.0123;3;grano de polen;21;19.5
2019;concordia;171;2;0.0165;3;grano de polen;22.5;12
2019;concordia;171;3;0.0169;2;grano de polen;18;16.5
2019;concordia;171;4;0.0145;3;grano de polen;18;18
2019;concordia;171;5;0.0178;2;grano de polen;19.5;13.5
2019;concordia;171;6;0.0135;2;grano de polen;19.5;16.5
2019;concordia;171;7;0.0135;5;grano de polen;21;16.5
2019;concordia;171;8;0.0138;3;grano de polen;21;12
2019;concordia;171;9;0.0135;2;grano de polen;16.5;12
2019;concordia;171;10;0.0145;2;grano de polen;21;12
2019;concordia;174;1;0.0114;6;grano de polen;21;16.5
2019;concordia;174;2;0.0118;3;grano de polen;22.5;19.5
2019;concordia;174;3;0.097;4;grano de polen;22.5;21
2019;concordia;174;4;0.0128;2;grano de polen;22.5;19.5
2019;concordia;174;5;0.0112;4;grano de polen;24;16.5
2019;concordia;174;6;0.087;5;grano de polen;21;16.5
2019;concordia;174;7;0.0131;3;grano de polen;24;15
2019;concordia;174;8;0.0142;3;grano de polen;19.5;18
2019;concordia;174;9;0.0126;3;grano de polen;22.5;18
2019;concordia;174;10;0.0165;6;grano de polen;19.5;18
2019;concordia;175;1;0.077;5;grano de polen;16.5;13.5
2019;concordia;175;2;0.011;5;grano de polen;21;15
2019;concordia;175;3;0.017;5;grano de polen;21;19.5
2019;concordia;175;4;0.0156;3;grano de polen;21;18
2019;concordia;175;5;0.012;5;grano de polen;18;13.5
2019;concordia;175;6;0.083;6;grano de polen;18;15
2019;concordia;175;7;0.0165;5;grano de polen;19.5;15
2019;concordia;175;8;0.0117;5;grano de polen;18;18
2019;concordia;175;9;0.0145;4;grano de polen;18;18
2019;concordia;175;10;0.014;5;grano de polen;18;18
2019;concordia;178;1;0.0179;4;grano de polen;19.5;16.5
2019;concordia;178;2;0.0125;4;grano de polen;19.5;18
2019;concordia;178;3;0.0124;4;grano de polen;19.5;16.5
2019;concordia;178;4;0.089;4;grano de polen;28.5;25.5
2019;concordia;178;5;0.0111;3;grano de polen;15;13.5
2019;concordia;178;6;0.011;4;grano de polen;18;16.5
2019;concordia;178;7;0.0154;3;grano de polen;18;16.5
2019;concordia;178;8;0.0145;2;grano de polen;18;16.5
2019;concordia;178;9;0.0156;3;grano de polen;18;16.5
2019;concordia;178;10;0.083;4;grano de polen;18;13.5
2019;concordia;185;1;0.0187;1;grano de polen;18;18
2019;concordia;185;2;0.0154;3;grano de polen;21;16.5
2019;concordia;185;3;0.0154;5;grano de polen;19.5;18
2019;concordia;185;4;0.0129;2;grano de polen;18;18
2019;concordia;185;5;0.0191;4;grano de polen;22.5;16.5
2019;concordia;185;6;0.0188;2;grano de polen;19.5;18
2019;concordia;185;7;0.0152;0;grano de polen;21;19.5
2019;concordia;185;8;0.0151;4;grano de polen;19.5;13.5
2019;concordia;185;9;0.019;6;grano de polen;19.5;16.5
2019;concordia;185;10;0.0143;3;grano de polen;21;15
2019;concordia;190;1;0.0156;2;grano de polen;18;18
2019;concordia;190;2;0.0111;4;grano de polen;18;16.5
2019;concordia;190;3;0.011;5;grano de polen;22.5;21
2019;concordia;190;4;0.0127;3;grano de polen;16.5;15
2019;concordia;190;5;0.0121;4;grano de polen;19.5;12
2019;concordia;190;6;0.0113;4;grano de polen;19.5;19.5
2019;concordia;190;7;0.01;2;grano de polen;19.5;15
2019;concordia;190;8;0.092;6;grano de polen;19.5;19.5
2019;concordia;190;9;0.0137;4;grano de polen;21;18
2019;concordia;190;10;0.013;4;grano de polen;21;15
2019;concordia;193;1;0.0132;4;grano de polen;18;16.5
2019;concordia;193;2;0.0168;4;grano de polen;15;15
2019;concordia;193;3;0.0114;4;grano de polen;15;13.5
2019;concordia;193;4;0.015;4;grano de polen;16.5;15
2019;concordia;193;5;0.093;4;grano de polen;15;15
2019;concordia;193;6;0.086;5;grano de polen;13.5;12
2019;concordia;193;7;0.011;5;grano de polen;16.5;15
2019;concordia;193;8;0.0147;5;grano de polen;18;16.5
2019;concordia;193;9;0.013;6;grano de polen;16.5;15
2019;concordia;193;10;0.018;3;grano de polen;16.5;12
2019;concordia;197;1;0.062;4;grano de polen;15;13.5
2019;concordia;197;2;0.083;4;grano de polen;18;15
2019;concordia;197;3;0.0119;4;grano de polen;15;13.5
2019;concordia;197;4;0.0155;4;grano de polen;16.5;15
2019;concordia;197;5;0.0146;4;grano de polen;22.5;19.5
2019;concordia;197;6;0.0113;4;grano de polen;12;10.5
2019;concordia;197;7;0.063;2;grano de polen;16.5;15
2019;concordia;197;8;0.089;4;grano de polen;13.5;12
2019;concordia;197;9;0.094;4;grano de polen;18;18
2019;concordia;197;10;0.079;4;grano de polen;18;16.5
2019;concordia;208;1;0.066;6;grano de polen;13.5;9
2019;concordia;208;2;0.013;6;grano de polen;16.5;16.5
2019;concordia;208;3;0.06;5;grano de polen;15;13.5
2019;concordia;208;4;0.015;5;grano de polen;15;15
2019;concordia;208;5;0.075;5;grano de polen;15;13.5
2019;concordia;208;6;0.0116;5;grano de polen;15;15
2019;concordia;208;7;0.0137;5;grano de polen;18;15
2019;concordia;208;8;0.07;4;grano de polen;15;13.5
2019;concordia;208;9;0.097;4;grano de polen;16.5;13.5
2019;concordia;208;10;0.0116;4;grano de polen;12;10.5
2019;palmar;260;1;0.0144;6;grano de polen;19.5;16.5
2019;palmar;260;2;0.0142;5;grano de polen;21;19.5
2019;palmar;260;3;0.0138;4;grano de polen;22.5;21
2019;palmar;260;4;0.0114;5;grano de polen;22.5;21
2019;palmar;260;5;0.0133;6;grano de polen;24;24
2019;palmar;260;6;0.0156;6;grano de polen;21;21
2019;palmar;260;7;0.0165;4;grano de polen;24;24
2019;palmar;260;8;0.0133;4;grano de polen;24;21
2019;palmar;260;9;0.0132;5;grano de polen;27;21
2019;palmar;260;10;0.017;6;grano de polen;28.5;22.5
2019;palmar;261;1;0.0121;5;grano de polen;21;15
2019;palmar;261;2;0.017;3;grano de polen;21;18
2019;palmar;261;3;0.019;6;grano de polen;21;16.5
2019;palmar;261;4;0.0148;5;grano de polen;19.5;18
2019;palmar;261;5;0.0126;5;grano de polen;19.5;18
2019;palmar;261;6;0.012;5;grano de polen;19.5;16.5
2019;palmar;261;7;0.0137;5;grano de polen;16.5;15
2019;palmar;261;8;0.0129;5;grano de polen;19.5;18
2019;palmar;261;9;0.0111;7;grano de polen;21;12
2019;palmar;261;10;0.0135;5;grano de polen;22.5;13.5
2019;palmar;262;1;0.0152;6;grano de polen;25.5;24
2019;palmar;262;2;0.0129;4;grano de polen;24;24
2019;palmar;262;3;0.0147;4;grano de polen;30;28.5
2019;palmar;262;4;0.0165;6;grano de polen;22.5;18
2019;palmar;262;5;0.0138;4;grano de polen;27;25.5
2019;palmar;262;6;0.013;6;grano de polen;25.5;25.5
2019;palmar;262;7;0.0121;3;grano de polen;30;27
2019;palmar;262;8;0.0135;6;grano de polen;4.5;19.5
2019;palmar;262;9;0.0114;6;grano de polen;30;28.5
2019;palmar;262;10;0.0125;6;grano de polen;19.5;18
2019;palmar;263;1;NA;NA;grano de polen;25.5;24
2019;palmar;263;2;NA;NA;grano de polen;30;28.5
2019;palmar;263;3;NA;NA;grano de polen;21;13.5
2019;palmar;263;4;NA;NA;grano de polen;21;19.5
2019;palmar;263;5;NA;NA;grano de polen;19.5;12
2019;palmar;263;6;NA;NA;grano de polen;21;12
2019;palmar;263;7;NA;NA;grano de polen;21;13.5
2019;palmar;263;8;NA;NA;grano de polen;21;16.5
2019;palmar;263;9;NA;NA;grano de polen;18;18
2019;palmar;263;10;NA;NA;grano de polen;25.5;22.5
2019;palmar;268;1;0.0163;5;grano de polen;16.5;15
2019;palmar;268;2;0.016;5;grano de polen;16.5;15
2019;palmar;268;3;0.0146;6;grano de polen;15;15
2019;palmar;268;4;0.0142;6;grano de polen;18;16.5
2019;palmar;268;5;0.0177;8;grano de polen;16.5;16.5
2019;palmar;268;6;0.0155;6;grano de polen;16.5;15
2019;palmar;268;7;0.0176;4;grano de polen;15;15
2019;palmar;268;8;0.0143;6;grano de polen;16.5;15
2019;palmar;268;9;0.0155;5;grano de polen;18;16.5
2019;palmar;268;10;0.0136;6;grano de polen;16.5;15
2019;palmar;271;1;0.0129;6;grano de polen;21;19.5
2019;palmar;271;2;0.0119;5;grano de polen;16.5;15
2019;palmar;271;3;0.0127;6;grano de polen;21;15
2019;palmar;271;4;0.0138;7;grano de polen;25.5;22.5
2019;palmar;271;5;0.095;6;grano de polen;22.5;19.5
2019;palmar;271;6;0.0131;4;grano de polen;16.5;15
2019;palmar;271;7;0.0127;4;grano de polen;15;15
2019;palmar;271;8;0.0129;4;grano de polen;18;18
2019;palmar;271;9;0.0126;4;grano de polen;19.5;13.5
2019;palmar;271;10;0.0131;6;grano de polen;28.5;24
2019;palmar;272;1;0.0157;4;grano de polen;19.5;18
2019;palmar;272;2;0.0158;4;grano de polen;19.5;18
2019;palmar;272;3;0.0147;6;grano de polen;19.5;15
2019;palmar;272;4;0.016;6;grano de polen;16.5;15
2019;palmar;272;5;0.014;4;grano de polen;19.5;16.5
2019;palmar;272;6;0.0161;4;grano de polen;21;18
2019;palmar;272;7;0.0133;6;grano de polen;18;18
2019;palmar;272;8;0.0113;6;grano de polen;21;19.5
2019;palmar;272;9;0.0147;7;grano de polen;18;16.5
2019;palmar;272;10;0.0127;6;grano de polen;21;19.5
2019;palmar;274;1;0.0139;4;grano de polen;18;16.5
2019;palmar;274;2;0.0153;4;grano de polen;18;16.5
2019;palmar;274;3;0.018;5;grano de polen;24;13.5
2019;palmar;274;4;0.0161;4;grano de polen;21;15
2019;palmar;274;5;0.0127;4;grano de polen;22.5;18
2019;palmar;274;6;0.0114;5;grano de polen;22.5;13.5
2019;palmar;274;7;0.0126;4;grano de polen;21;19.5
2019;palmar;274;8;0.018;6;grano de polen;25.5;15
2019;palmar;274;9;0.0134;5;grano de polen;22.5;15
2019;palmar;274;10;0.011;5;grano de polen;21;13.5
2019;palmar;276;1;0.0114;8;grano de polen;21;18
2019;palmar;276;2;0.0131;7;grano de polen;24;22.5
2019;palmar;276;3;0.0117;7;grano de polen;24;22.5
2019;palmar;276;4;0.0121;4;grano de polen;28.5;27
2019;palmar;276;5;0.0148;4;grano de polen;22.5;21
2019;palmar;276;6;0.0138;5;grano de polen;24;22.5
2019;palmar;276;7;0.015;5;grano de polen;18;16.5
2019;palmar;276;8;0.0119;6;grano de polen;28.5;18
2019;palmar;276;9;0.0115;5;grano de polen;22.5;18
2019;palmar;276;10;0.0131;7;grano de polen;21;21
2019;palmar;280;1;0.011;2;grano de polen;21;18
2019;palmar;280;2;0.0151;2;grano de polen;19.5;15
2019;palmar;280;3;0.0136;3;grano de polen;18;15
2019;palmar;280;4;0.0124;1;grano de polen;22.5;19.5
2019;palmar;280;5;0.0138;4;grano de polen;21;10.5
2019;palmar;280;6;0.0129;4;grano de polen;21;12
2019;palmar;280;7;0.01;3;grano de polen;22.5;19.5
2019;palmar;280;8;0.083;3;grano de polen;21;21
2019;palmar;280;9;0.094;4;grano de polen;19.5;12
2019;palmar;280;10;0.0129;3;grano de polen;22.5;16.5
2019;palmar;281;1;0.097;4;grano de polen;21;19.5
2019;palmar;281;2;0.093;4;grano de polen;21;16.5
2019;palmar;281;3;0.0133;4;grano de polen;16.5;15
2019;palmar;281;4;0.09;3;grano de polen;21;18
2019;palmar;281;5;0.015;4;grano de polen;15;10.5
2019;palmar;281;6;0.092;6;grano de polen;22.5;12
2019;palmar;281;7;0.0119;5;grano de polen;21;19.5
2019;palmar;281;8;0.096;3;grano de polen;21;13.5
2019;palmar;281;9;0.019;4;grano de polen;21;13.5
2019;palmar;281;10;0.0144;6;grano de polen;18;18
2019;palmar;284;1;0.0145;3;grano de polen;15;15
2019;palmar;284;2;0.0171;4;grano de polen;18;18
2019;palmar;284;3;0.0137;6;grano de polen;21;19.5
2019;palmar;284;4;0.0134;4;grano de polen;16.5;15
2019;palmar;284;5;0.0147;5;grano de polen;18;18
2019;palmar;284;6;0.0148;6;grano de polen;18;16.5
2019;palmar;284;7;0.0135;2;grano de polen;22.5;19.5
2019;palmar;284;8;0.093;1;grano de polen;18;16.5
2019;palmar;284;9;0.0136;3;grano de polen;19.5;19.5
2019;palmar;284;10;0.0162;6;grano de polen;21;19.5
2019;palmar;285;1;0.0153;6;grano de polen;22.5;22.5
2019;palmar;285;2;0.0118;8;grano de polen;21;18
2019;palmar;285;3;0.015;7;grano de polen;21;16.5
2019;palmar;285;4;0.011;10;grano de polen;21;15
2019;palmar;285;5;0.0114;6;grano de polen;19.5;19.5
2019;palmar;285;6;0.0119;6;grano de polen;22.5;16.5
2019;palmar;285;7;0.0142;3;grano de polen;21;13.5
2019;palmar;285;8;0.012;4;grano de polen;21;19.5
2019;palmar;285;9;0.0113;6;grano de polen;18;16.5
2019;palmar;285;10;0.0128;6;grano de polen;21;15
2019;palmar;286;1;0.093;3;grano de polen;22.5;22.5
2019;palmar;286;2;0.019;6;grano de polen;22.5;21
2019;palmar;286;3;0.0123;5;grano de polen;19.5;18
2019;palmar;286;4;0.0126;6;grano de polen;22.5;22.5
2019;palmar;286;5;0.098;5;grano de polen;18;15
2019;palmar;286;6;0.0134;5;grano de polen;25.5;24
2019;palmar;286;7;0.012;4;grano de polen;22.5;22.5
2019;palmar;286;8;0.0111;5;grano de polen;22.5;21
2019;palmar;286;9;0.0115;3;grano de polen;19.5;18
2019;palmar;286;10;0.098;6;grano de polen;24;22.5
2019;palmar;287;1;0.0157;6;grano de polen;21;16.5
2019;palmar;287;2;0.0183;7;grano de polen;22.5;22.5
2019;palmar;287;3;0.0143;4;grano de polen;16.5;16.5
2019;palmar;287;4;0.0167;6;grano de polen;15;15
2019;palmar;287;5;0.018;6;grano de polen;21;19.5
2019;palmar;287;6;0.0165;7;grano de polen;22.5;22.5
2019;palmar;287;7;0.0157;5;grano de polen;24;22.5
2019;palmar;287;8;0.0176;6;grano de polen;27;15
2019;palmar;287;9;0.0138;5;grano de polen;25.5;18
2019;palmar;287;10;0.0164;8;grano de polen;27;24
2019;palmar;288;1;0.017;1;grano de polen;16.5;16.5
2019;palmar;288;2;0.028;3;grano de polen;19.5;16.5
2019;palmar;288;3;0.0155;4;grano de polen;22.5;13.5
2019;palmar;288;4;0.0181;6;grano de polen;22.5;13.5
2019;palmar;288;5;0.0189;5;grano de polen;19.5;16.5
2019;palmar;288;6;0.025;5;grano de polen;19.5;18
2019;palmar;288;7;0.0149;6;grano de polen;22.5;21
2019;palmar;288;8;0.0142;6;grano de polen;19.5;15
2019;palmar;288;9;0.0179;7;grano de polen;25.5;15
2019;palmar;288;10;0.0155;6;grano de polen;21;16.5
2019;gualeguaychu;305;1;0.022;6;grano de polen;19.5;19.5
2019;gualeguaychu;305;2;0.0181;7;grano de polen;24;22.5
2019;gualeguaychu;305;3;0.0188;2;grano de polen;19.5;18
2019;gualeguaychu;305;4;0.0188;6;grano de polen;22.5;13.5
2019;gualeguaychu;305;5;0.027;5;grano de polen;16.5;15
2019;gualeguaychu;305;6;0.0183;0;grano de polen;21;19.5
2019;gualeguaychu;305;7;0.021;5;grano de polen;21;21
2019;gualeguaychu;305;8;0.028;3;grano de polen;18;18
2019;gualeguaychu;305;9;0.0177;6;grano de polen;24;16.5
2019;gualeguaychu;305;10;0.0152;0;grano de polen;22.5;19.5
2019;gualeguaychu;306;1;0.076;4;grano de polen;16.5;19.5
2019;gualeguaychu;306;2;0.088;4;grano de polen;24;18
2019;gualeguaychu;306;3;0.084;4;grano de polen;22.5;21
2019;gualeguaychu;306;4;0.073;3;grano de polen;19.5;19.5
2019;gualeguaychu;306;5;0.076;5;grano de polen;19.5;18
2019;gualeguaychu;306;6;0.011;3;grano de polen;21;18
2019;gualeguaychu;306;7;0.097;5;grano de polen;18;15
2019;gualeguaychu;306;8;0.082;6;grano de polen;16.5;15
2019;gualeguaychu;306;9;0.078;5;grano de polen;18;13.5
2019;gualeguaychu;306;10;0.061;6;grano de polen;19.5;18
2019;gualeguaychu;321;1;0.016;4;grano de polen;34.5;33
2019;gualeguaychu;321;2;0.0141;6;grano de polen;30;28.5
2019;gualeguaychu;321;3;0.0166;5;grano de polen;30;28.5
2019;gualeguaychu;321;4;0.0192;1;grano de polen;31.5;30
2019;gualeguaychu;321;5;0.0151;9;grano de polen;27;25.5
2019;gualeguaychu;321;6;0.014;5;grano de polen;16.5;16.5
2019;gualeguaychu;321;7;0.0145;3;grano de polen;24;22.5
2019;gualeguaychu;321;8;0.0161;6;grano de polen;22.5;21
2019;gualeguaychu;321;9;0.0134;4;grano de polen;24;22.5
2019;gualeguaychu;321;10;0.0125;4;grano de polen;19.5;18
2019;gualeguaychu;324;1;0.023;6;grano de polen;19.5;18
2019;gualeguaychu;324;2;0.012;4;grano de polen;18;12
2019;gualeguaychu;324;3;0.0189;7;grano de polen;18;13.5
2019;gualeguaychu;324;4;0.0116;0;grano de polen;16.5;16.5
2019;gualeguaychu;324;5;0.0194;5;grano de polen;16.5;16.5
2019;gualeguaychu;324;6;0.0179;2;grano de polen;16.5;12
2019;gualeguaychu;324;7;0.011;4;grano de polen;19.5;16.5
2019;gualeguaychu;324;8;0.094;5;grano de polen;16.5;16.5
2019;gualeguaychu;324;9;0.0124;0;grano de polen;18;15
2019;gualeguaychu;324;10;0.0123;6;grano de polen;18;18
2019;gualeguaychu;325;1;0.018;5;grano de polen;28.5;27
2019;gualeguaychu;325;2;0.021;0;grano de polen;21;16.5
2019;gualeguaychu;325;3;0.011;0;grano de polen;16.5;16.5
2019;gualeguaychu;325;4;0.0118;2;grano de polen;18;15
2019;gualeguaychu;325;5;0.013;5;grano de polen;18;16.5
2019;gualeguaychu;325;6;0.087;3;grano de polen;18;16.5
2019;gualeguaychu;325;7;0.073;3;grano de polen;12;9
2019;gualeguaychu;325;8;0.0134;4;grano de polen;18;16.5
2019;gualeguaychu;325;9;0.067;6;grano de polen;16.5;15
2019;gualeguaychu;325;10;0.013;4;grano de polen;15;13.5
2019;gualeguaychu;331;1;0.0197;2;grano de polen;15;13.5
2019;gualeguaychu;331;2;0.014;2;grano de polen;16.5;15
2019;gualeguaychu;331;3;0.095;5;grano de polen;13.5;12
2019;gualeguaychu;331;4;0.0126;5;grano de polen;18;12
2019;gualeguaychu;331;5;0.078;3;grano de polen;24;19.5
2019;gualeguaychu;331;6;0.095;8;grano de polen;18;15
2019;gualeguaychu;331;7;0.016;9;grano de polen;21;15
2019;gualeguaychu;331;8;0.0111;6;grano de polen;33;22.5
2019;gualeguaychu;331;9;0.016;5;grano de polen;22.5;16.5
2019;gualeguaychu;331;10;0.0115;0;grano de polen;13.5;13.5
2019;gualeguaychu;337;1;0.0136;5;grano de polen;18;16.5
2019;gualeguaychu;337;2;0.0164;4;grano de polen;25.5;13.5
2019;gualeguaychu;337;3;0.014;3;grano de polen;18;9
2019;gualeguaychu;337;4;0.0126;3;grano de polen;19.5;15
2019;gualeguaychu;337;5;0.0149;6;grano de polen;16.5;13.5
2019;gualeguaychu;337;6;0.0175;6;grano de polen;18;16.5
2019;gualeguaychu;337;7;0.0116;5;grano de polen;21;15
2019;gualeguaychu;337;8;0.0186;6;grano de polen;18;15
2019;gualeguaychu;337;9;0.013;5;grano de polen;18;15
2019;gualeguaychu;337;10;0.0138;3;grano de polen;18;18
2019;gualeguaychu;348;1;0.017;1;grano de polen;19.5;15
2019;gualeguaychu;348;2;0.0112;0;grano de polen;18;16.5
2019;gualeguaychu;348;3;0.017;4;grano de polen;16.5;15
2019;gualeguaychu;348;4;0.011;2;grano de polen;16.5;15
2019;gualeguaychu;348;5;0.015;1;grano de polen;16.5;13.5
2019;gualeguaychu;348;6;0.078;6;grano de polen;22.5;21
2019;gualeguaychu;348;7;0.0119;6;grano de polen;24;21
2019;gualeguaychu;348;8;0.011;1;grano de polen;24;22.5
2019;gualeguaychu;348;9;0.09;4;grano de polen;18;18
2019;gualeguaychu;348;10;0.0115;3;grano de polen;22.5;21
2019;gualeguaychu;357;1;0.063;2;microespora;18;13.5
2019;gualeguaychu;357;2;0.0117;3;microespora;18;15
2019;gualeguaychu;357;3;0.0131;4;microespora;22.5;18
2019;gualeguaychu;357;4;0.08;4;microespora;18;13.5
2019;gualeguaychu;357;5;0.09;3;microespora;15;15
2019;gualeguaychu;357;6;0.063;6;microespora;16.5;15
2019;gualeguaychu;357;7;0.081;4;microespora;18;15
2019;gualeguaychu;357;8;0.016;4;microespora;16.5;16.5
2019;gualeguaychu;357;9;0.012;4;microespora;16.5;15
2019;gualeguaychu;357;10;0.0121;5;microespora;21;16.5
2019;gualeguaychu;359;1;0.079;3;grano de polen;16.5;15
2019;gualeguaychu;359;2;0.068;4;grano de polen;21;19.5
2019;gualeguaychu;359;3;0.012;2;grano de polen;18;16.5
2019;gualeguaychu;359;4;0.013;3;grano de polen;15;16.5
2019;gualeguaychu;359;5;0.082;2;grano de polen;19.5;21
2019;gualeguaychu;359;6;0.0124;2;grano de polen;16.5;18
2019;gualeguaychu;359;7;0.0179;1;grano de polen;18;16.5
2019;gualeguaychu;359;8;0.0181;4;grano de polen;15;15
2019;gualeguaychu;359;9;0.011;4;grano de polen;15;13.5
2019;gualeguaychu;359;10;0.0156;4;NA;NA;NA
2019;gualeguaychu;362;1;0.018;4;grano de polen;27;16.5
2019;gualeguaychu;362;2;0.0153;5;grano de polen;21;21
2019;gualeguaychu;362;3;0.019;5;grano de polen;30;19.5
2019;gualeguaychu;362;4;0.0129;5;grano de polen;19.5;18
2019;gualeguaychu;362;5;0.0131;5;grano de polen;21;16.5
2019;gualeguaychu;362;6;0.0151;4;grano de polen;18;15
2019;gualeguaychu;362;7;0.0151;4;grano de polen;19.5;13.5
2019;gualeguaychu;362;8;0.0178;5;grano de polen;24;22.5
2019;gualeguaychu;362;9;0.014;4;grano de polen;24;22.5
2019;gualeguaychu;362;10;0.014;5;grano de polen;19.5;19.5
2019;gualeguaychu;363;1;0.0168;4;grano de polen;16.5;16.5
2019;gualeguaychu;363;2;0.0156;4;grano de polen;21;15
2019;gualeguaychu;363;3;0.013;6;grano de polen;16.5;12
2019;gualeguaychu;363;4;0.0146;4;grano de polen;16.5;16.5
2019;gualeguaychu;363;5;0.0168;5;grano de polen;21;19.5
2019;gualeguaychu;363;6;0.0165;4;grano de polen;15;15
2019;gualeguaychu;363;7;0.0176;4;grano de polen;22.5;18
2019;gualeguaychu;363;8;0.015;5;grano de polen;18;13.5
2019;gualeguaychu;363;9;0.0144;3;grano de polen;16.5;16.5
2019;gualeguaychu;363;10;0.0174;4;grano de polen;18;15
2019;gualeguaychu;364;1;0.0118;6;grano de polen;21;18
2019;gualeguaychu;364;2;0.021;3;grano de polen;22.5;15
2019;gualeguaychu;364;3;0.014;2;grano de polen;24;22.5
2019;gualeguaychu;364;4;0.021;4;grano de polen;24;22.5
2019;gualeguaychu;364;5;0.0171;4;grano de polen;27;25.5
2019;gualeguaychu;364;6;0.0154;6;grano de polen;24;19.5
2019;gualeguaychu;364;7;0.0167;4;grano de polen;22.5;21
2019;gualeguaychu;364;8;0.0167;6;grano de polen;21;15
2019;gualeguaychu;364;9;0.022;3;grano de polen;22.5;18
2019;gualeguaychu;364;10;0.019;4;grano de polen;21;15
2021;concordia;154;1;0.01512;8;microspora;21;21
2021;concordia;154;2;0.01132;7;microspora;19.5;16.5
2021;concordia;154;3;0.0331;6;microspora;19.5;19.5
2021;concordia;154;4;0.01312;5;microspora;19.5;18
2021;concordia;154;5;0.01364;7;microspora;22.5;18
2021;concordia;154;6;0.085;8;microspora;19.5;18
2021;concordia;154;7;0.01178;8;microspora;18;16.5
2021;concordia;154;8;0.016;5;microspora;18;18
2021;concordia;154;9;0.0778;6;microspora;22.5;21
2021;concordia;154;10;0.01699;5;NA;NA;NA
2021;concordia;156;1;0.0121;1;microspora;19.5;13.5
2021;concordia;156;2;0.0271;5;microspora;19.5;16.5
2021;concordia;156;3;0.0229;6;microspora;18;15
2021;concordia;156;4;0.0227;NA;microspora;22.5;15
2021;concordia;156;5;0.0126;NA;microspora;19.5;15
2021;concordia;156;6;0.034;NA;microspora;19.5;19.5
2021;concordia;156;7;0.0257;NA;microspora;19.5;16.5
2021;concordia;156;8;0.021;NA;microspora;15;13.5
2021;concordia;156;9;NA;NA;microspora;18;16.5
2021;concordia;156;10;NA;NA;microspora;18;15
2021;concordia;161;1;0.0585;1;microspora;19.5;16.5
2021;concordia;161;2;0.0188;3;microspora;22.5;21
2021;concordia;161;3;0.0474;3;microspora;18;16.5
2021;concordia;161;4;0.0665;0;microspora;22.5;22.5
2021;concordia;161;5;0.052;4;microspora;21;19.5
2021;concordia;161;6;0.0474;NA;microspora;21;18
2021;concordia;161;7;0.026;NA;microspora;21;18
2021;concordia;161;8;0.077;NA;microspora;21;19.5
2021;concordia;161;9;0.045;NA;microspora;27;22.5
2021;concordia;161;10;0.0546;NA;microspora;27;19.5
2021;concordia;171;1;0.0149;4;grano de polen;19.5;18
2021;concordia;171;2;0.0963;4;grano de polen;22.5;22.5
2021;concordia;171;3;0.0192;4;grano de polen;21;21
2021;concordia;171;4;0.0616;4;grano de polen;22.5;19.5
2021;concordia;171;5;0.0124;6;grano de polen;21;18
2021;concordia;171;6;0.0116;3;grano de polen;22.5;19.5
2021;concordia;171;7;0.0192;5;grano de polen;21;21
2021;concordia;171;8;0.0548;4;grano de polen;22.5;22.5
2021;concordia;171;9;0.017;4;grano de polen;27;27
2021;concordia;171;10;0.079;3;grano de polen;22.5;22.5
2021;concordia;174;1;0.0198;8;grano de polen;22.5;18
2021;concordia;174;2;0.0796;6;grano de polen;22.5;19.5
2021;concordia;174;3;0.01163;7;grano de polen;25.5;25.5
2021;concordia;174;4;0.086;2;grano de polen;27;21
2021;concordia;174;5;0.0142;7;grano de polen;25.5;21
2021;concordia;174;6;0.099;5;grano de polen;22.5;22.5
2021;concordia;174;7;0.0147;6;grano de polen;19.5;19.5
2021;concordia;174;8;0.091;6;grano de polen;21;21
2021;concordia;174;9;0.01416;8;grano de polen;27;24
2021;concordia;174;10;0.01224;5;grano de polen;27;22.5
2021;concordia;175;1;0.0362;6;NA;NA;NA
2021;concordia;175;2;0.038;0;NA;NA;NA
2021;concordia;175;3;0.0215;7;NA;NA;NA
2021;concordia;175;4;0.0157;4;NA;NA;NA
2021;concordia;175;5;0.0291;5;NA;NA;NA
2021;concordia;175;6;0.0281;NA;NA;NA;NA
2021;concordia;175;7;0.0218;NA;NA;NA;NA
2021;concordia;175;8;0.0313;NA;NA;NA;NA
2021;concordia;175;9;0.0367;NA;NA;NA;NA
2021;concordia;175;10;0.0265;NA;NA;NA;NA
2021;concordia;178;1;0.0352;NA;NA;NA;NA
2021;concordia;178;2;0.0311;NA;NA;NA;NA
2021;concordia;178;3;0.0353;NA;NA;NA;NA
2021;concordia;178;4;0.0245;NA;NA;NA;NA
2021;concordia;178;5;0.027;NA;NA;NA;NA
2021;concordia;178;6;0.0275;NA;NA;NA;NA
2021;concordia;178;7;0.027;NA;NA;NA;NA
2021;concordia;178;8;0.0386;NA;NA;NA;NA
2021;concordia;178;9;0.0325;NA;NA;NA;NA
2021;concordia;178;10;0.0261;NA;NA;NA;NA
2021;concordia;185;1;0.015;NA;NA;NA;NA
2021;concordia;185;2;0.0162;NA;NA;NA;NA
2021;concordia;185;3;0.065;NA;NA;NA;NA
2021;concordia;185;4;0.0131;NA;NA;NA;NA
2021;concordia;185;5;0.0244;NA;NA;NA;NA
2021;concordia;185;6;0.026;NA;NA;NA;NA
2021;concordia;185;7;0.0112;NA;NA;NA;NA
2021;concordia;185;8;0.028;NA;NA;NA;NA
2021;concordia;190;1;0.0226;0;NA;NA;NA
2021;concordia;190;2;0.0211;4;NA;NA;NA
2021;concordia;190;3;0.0189;6;NA;NA;NA
2021;concordia;190;4;0.0233;4;NA;NA;NA
2021;concordia;190;5;0.0234;4;NA;NA;NA
2021;concordia;190;6;0.0281;NA;NA;NA;NA
2021;concordia;190;7;0.0386;NA;NA;NA;NA
2021;concordia;190;8;0.0181;NA;NA;NA;NA
2021;concordia;193;1;0.0184;7;NA;NA;NA
2021;concordia;193;2;0.0148;5;NA;NA;NA
2021;concordia;193;3;0.0318;6;NA;NA;NA
2021;concordia;193;4;0.0268;7;NA;NA;NA
2021;concordia;193;5;0.016;7;NA;NA;NA
2021;concordia;193;6;0.0323;NA;NA;NA;NA
2021;concordia;193;7;0.0269;NA;NA;NA;NA
2021;concordia;193;8;0.0318;NA;NA;NA;NA
2021;concordia;193;9;0.0257;NA;NA;NA;NA
2021;concordia;193;10;0.0584;NA;NA;NA;NA
2021;concordia;195;1;0.0533;NA;NA;NA;NA
2021;concordia;195;2;0.049;NA;NA;NA;NA
2021;concordia;195;3;0.0265;NA;NA;NA;NA
2021;concordia;195;4;0.0367;NA;NA;NA;NA
2021;concordia;195;5;0.0365;NA;NA;NA;NA
2021;concordia;198;1;0.01383;7;grano de polen;24;19.5
2021;concordia;198;2;0.01378;7;grano de polen;22.5;22.5
2021;concordia;198;3;0.01366;7;grano de polen;22.5;18
2021;concordia;198;4;0.01556;5;grano de polen;22.5;22.5
2021;concordia;198;5;0.01466;6;grano de polen;21;21
2021;concordia;198;6;0.01339;5;grano de polen;19.5;19.5
2021;concordia;198;7;0.01515;5;grano de polen;22.5;19.5
2021;concordia;198;8;0.01498;6;grano de polen;22.5;22.5
2021;concordia;198;9;0.01623;8;grano de polen;22.5;22.5
2021;concordia;198;10;0.01299;6;grano de polen;22.5;22.5
2021;concordia;199;1;0.0724;5;grano de polen;21;21
2021;concordia;199;2;0.0119;8;grano de polen;21;15
2021;concordia;199;3;0.0761;5;grano de polen;19.5;19.5
2021;concordia;199;4;0.0953;0;grano de polen;18;18
2021;concordia;199;5;0.064;0;grano de polen;21;21
2021;concordia;199;6;0.0965;3;grano de polen;18;18
2021;concordia;199;7;0.093;4;grano de polen;18;16.5
2021;concordia;199;8;0.0948;4;grano de polen;22.5;19.5
2021;concordia;199;9;0.01433;5;grano de polen;22.5;19.5
2021;concordia;199;10;0.0895;7;grano de polen;22.5;21
2021;concordia;208;1;0.0283;8;NA;NA;NA
2021;concordia;208;2;0.033;6;NA;NA;NA
2021;concordia;208;3;0.018;6;NA;NA;NA
2021;concordia;208;4;0.0293;NA;NA;NA;NA
2021;concordia;208;5;0.0262;NA;NA;NA;NA
2021;concordia;208;6;0.028;NA;NA;NA;NA
2021;concordia;208;7;0.0178;NA;NA;NA;NA
2021;concordia;221;1;0.077;4;grano de polen;21;21
2021;concordia;221;2;0.0923;4;grano de polen;21;18
2021;concordia;221;3;0.0847;6;grano de polen;22.5;22.5
2021;concordia;221;4;0.0857;4;grano de polen;22.5;21
2021;concordia;221;5;0.0773;4;grano de polen;22.5;22.5
2021;concordia;221;6;0.0763;5;grano de polen;24;21
2021;concordia;221;7;0.0731;4;grano de polen;22.5;19.5
2021;concordia;221;8;0.092;5;grano de polen;25.5;21
2021;concordia;221;9;0.0852;7;grano de polen;21;21
2021;concordia;221;10;0.0716;5;grano de polen;24;21
2021;concordia;222;1;0.061;2;grano de polen;27;22.5
2021;concordia;222;2;0.0752;4;grano de polen;30;27
2021;concordia;222;3;0.0927;6;grano de polen;30;30
2021;concordia;222;4;0.0968;5;grano de polen;30;30
2021;concordia;222;5;0.0147;5;grano de polen;30;27
2021;concordia;222;6;0.0621;6;grano de polen;30;30
2021;concordia;222;7;0.0936;4;grano de polen;30;30
2021;concordia;222;8;0.0732;4;grano de polen;30;24
2021;concordia;222;9;0.0847;4;grano de polen;27;27
2021;concordia;222;10;0.0645;3;grano de polen;28.5;28.5
2021;concordia;223;1;0.0115;3;grano de polen;22.5;21
2021;concordia;223;2;0.0731;5;grano de polen;22.5;22.5
2021;concordia;223;3;0.0139;4;grano de polen;22.5;22.5
2021;concordia;223;4;0.0173;4;grano de polen;22.5;22.5
2021;concordia;223;5;0.0952;6;grano de polen;27;22.5
2021;concordia;223;6;0.01164;6;grano de polen;22.5;22.5
2021;concordia;223;7;0.0768;7;grano de polen;22.5;21
2021;concordia;223;8;0.0153;7;grano de polen;22.5;21
2021;concordia;223;9;0.01221;6;grano de polen;27;27
2021;concordia;223;10;0.0158;5;grano de polen;24;22.5
2021;palmar;236;1;0.0124;4;grano de polen;22.5;22.5
2021;palmar;236;2;0.016;4;grano de polen;24;24
2021;palmar;236;3;0.0126;4;grano de polen;22.5;22.5
2021;palmar;236;4;0.071;4;grano de polen;22.5;22.5
2021;palmar;236;5;0.015;3;grano de polen;22.5;22.5
2021;palmar;236;6;0.011;4;grano de polen;22.5;22.5
2021;palmar;236;7;0.092;4;grano de polen;22.5;22.5
2021;palmar;236;8;0.084;4;grano de polen;22.5;22.5
2021;palmar;236;9;0.094;4;grano de polen;22.5;19.5
2021;palmar;236;10;0.094;NA;grano de polen;22.5;22.5
2021;palmar;236;11;NA;NA;microspora;21;19.5
2021;palmar;236;12;NA;NA;microspora;21;16.5
2021;palmar;236;13;NA;NA;microspora;19.5;15
2021;palmar;236;14;NA;NA;microspora;22.5;19.5
2021;palmar;236;15;NA;NA;microspora;22.5;15
2021;palmar;236;16;NA;NA;microspora;22.5;15
2021;palmar;236;17;NA;NA;microspora;22.5;22.5
2021;palmar;236;18;NA;NA;microspora;19.5;19.5
2021;palmar;236;19;NA;NA;microspora;21;21
2021;palmar;236;20;NA;NA;microspora;19.5;18
2021;palmar;260;1;0.018;5;grano de polen;24;21
2021;palmar;260;2;0.098;6;grano de polen;24;22.5
2021;palmar;260;3;0.09;5;grano de polen;25.5;22.5
2021;palmar;260;4;0.013;4;grano de polen;22.5;15
2021;palmar;260;5;0.08;7;grano de polen;19.5;18
2021;palmar;260;6;0.097;5;grano de polen;21;18
2021;palmar;260;7;0.012;4;grano de polen;22.5;22.5
2021;palmar;260;8;0.0119;6;grano de polen;22.5;19.5
2021;palmar;260;9;0.089;5;grano de polen;22.5;19.5
2021;palmar;260;10;0.075;4;grano de polen;27;22.5
2021;palmar;261;1;0.014;6;grano de polen;22.5;15
2021;palmar;261;2;0.069;6;grano de polen;21;15
2021;palmar;261;3;0.072;7;grano de polen;22.5;15
2021;palmar;261;4;0.083;8;grano de polen;19.5;19.5
2021;palmar;261;5;0.014;4;grano de polen;22.5;19.5
2021;palmar;261;6;0.07;5;grano de polen;21;12
2021;palmar;261;7;0.0125;5;grano de polen;21;13.5
2021;palmar;261;8;0.071;3;grano de polen;21;15
2021;palmar;261;9;0.011;6;grano de polen;18;18
2021;palmar;261;10;0.08;5;NA;NA;NA
2021;palmar;262;1;0.054;4;grano de polen;21;21
2021;palmar;262;2;0.069;8;grano de polen;21;21
2021;palmar;262;3;0.071;7;grano de polen;22.5;21
2021;palmar;262;4;0.011;6;grano de polen;21;19.5
2021;palmar;262;5;0.086;6;grano de polen;21;21
2021;palmar;262;6;0.056;6;grano de polen;21;21
2021;palmar;262;7;0.012;4;grano de polen;22.5;21
2021;palmar;262;8;0.0112;NA;grano de polen;22.5;22.5
2021;palmar;262;9;0.079;NA;grano de polen;21;21
2021;palmar;262;10;0.097;NA;grano de polen;22.5;22.5
2021;palmar;268;1;0.017;5;microspora;19.5;18
2021;palmar;268;2;0.068;3;microspora;18;15
2021;palmar;268;3;0.087;8;microspora;19.5;19.5
2021;palmar;268;4;0.088;6;microspora;18;16.5
2021;palmar;268;5;0.075;5;microspora;22.5;16.5
2021;palmar;268;6;0.0116;7;microspora;18;15
2021;palmar;268;7;0.084;7;microspora;18;18
2021;palmar;268;8;0.084;6;microspora;15;21
2021;palmar;268;9;NA;8;microspora;21;15
2021;palmar;268;10;NA;6;microspora;19.5;19.5
2021;palmar;271;1;0.019;5;microspora;22.5;19.5
2021;palmar;271;2;0.097;7;microspora;22.5;22.5
2021;palmar;271;3;0.096;4;microspora;22.5;18
2021;palmar;271;4;0.01;6;microspora;15;21
2021;palmar;271;5;0.099;7;microspora;19.5;19.5
2021;palmar;271;6;0.0113;4;microspora;19.5;19.5
2021;palmar;271;7;0.0113;4;microspora;18;19.5
2021;palmar;271;8;0.014;4;microspora;22.5;22.5
2021;palmar;271;9;0.094;4;microspora;19.5;19.5
2021;palmar;271;10;0.012;6;microspora;19.5;19.5
2021;palmar;272;1;0.0112;9;grano de polen;21;21
2021;palmar;272;2;0.0121;7;grano de polen;21;21
2021;palmar;272;3;0.0115;7;grano de polen;22.5;22.5
2021;palmar;272;4;0.09;8;grano de polen;22.5;21
2021;palmar;272;5;0.0115;7;grano de polen;22.5;22.5
2021;palmar;272;6;0.083;7;grano de polen;22.5;22.5
2021;palmar;272;7;0.018;8;grano de polen;22.5;22.5
2021;palmar;272;8;0.093;5;grano de polen;22.5;22.5
2021;palmar;272;9;0.0129;7;grano de polen;22.5;22.5
2021;palmar;272;10;0.085;7;grano de polen;30;22.5
2021;palmar;274;1;0.063;5;NA;NA;NA
2021;palmar;274;2;0.079;3;NA;NA;NA
2021;palmar;274;3;0.081;1;NA;NA;NA
2021;palmar;274;4;0.066;2;NA;NA;NA
2021;palmar;274;5;0.074;7;NA;NA;NA
2021;palmar;274;6;0.075;5;NA;NA;NA
2021;palmar;274;7;0.056;6;NA;NA;NA
2021;palmar;274;8;NA;4;NA;NA;NA
2021;palmar;274;9;NA;0;NA;NA;NA
2021;palmar;274;10;NA;5;NA;NA;NA
2021;palmar;276;1;0.085;4;microspora;22.5;22.5
2021;palmar;276;2;0.014;7;microspora;22.5;19.5
2021;palmar;276;3;0.088;6;microspora;22.5;15
2021;palmar;276;4;0.089;7;microspora;18;18
2021;palmar;276;5;0.098;5;microspora;22.5;18
2021;palmar;276;6;0.092;9;microspora;22.5;22.5
2021;palmar;276;7;0.0113;7;microspora;22.5;19.5
2021;palmar;276;8;0.094;6;microspora;19.5;18
2021;palmar;276;9;0.082;9;microspora;19.5;18
2021;palmar;276;10;0.0117;7;microspora;22.5;19.5
2021;palmar;280;1;0.0154;3;grano de polen;24;24
2021;palmar;280;2;0.012;5;grano de polen;25.5;24
2021;palmar;280;3;0.011;2;grano de polen;27;27
2021;palmar;280;4;0.072;6;grano de polen;25.5;25.5
2021;palmar;280;5;0.01;3;grano de polen;27;27
2021;palmar;280;6;0.015;3;grano de polen;27;22.5
2021;palmar;280;7;0.092;3;grano de polen;22.5;21
2021;palmar;280;8;0.091;5;grano de polen;22.5;22.5
2021;palmar;280;9;0.094;3;grano de polen;22.5;19.5
2021;palmar;280;10;0.019;5;grano de polen;22.5;22.5
2021;palmar;281;1;0.083;4;capullos muy chicos;21;19.5
2021;palmar;281;2;0.019;6;capullos muy chicos;13.5;10.5
2021;palmar;281;3;0.0116;5;capullos muy chicos;15;12
2021;palmar;281;4;0.089;4;capullos muy chicos;12;12
2021;palmar;281;5;0.094;5;NA;NA;NA
2021;palmar;281;6;0.093;8;NA;NA;NA
2021;palmar;281;7;0.073;5;NA;NA;NA
2021;palmar;281;8;0.0128;8;NA;NA;NA
2021;palmar;281;9;0.04;5;NA;NA;NA
2021;palmar;281;10;0.071;4;NA;NA;NA
2021;palmar;284;1;0.097;5;microspora;19.5;19.5
2021;palmar;284;2;0.074;5;microspora;19.5;15
2021;palmar;284;3;0.013;4;microspora;16.5;15
2021;palmar;284;4;0.0116;1;microspora;16.5;15
2021;palmar;284;5;0.0115;5;microspora;19.5;15
2021;palmar;284;6;0.0123;7;microspora;21;18
2021;palmar;284;7;0.0118;3;microspora;21;15
2021;palmar;284;8;0.0112;4;microspora;18;16.5
2021;palmar;284;9;0.0132;1;microspora;21;18
2021;palmar;284;10;0.092;5;microspora;18;18
2021;palmar;285;1;0.097;4;microspora;15;22.5
2021;palmar;285;2;0.099;7;microspora;15;15
2021;palmar;285;3;0.012;3;microspora;15;22.5
2021;palmar;285;4;0.0125;4;microspora;15;22.5
2021;palmar;285;5;0.078;4;microspora;21;21
2021;palmar;285;6;0.012;4;microspora;30;22.5
2021;palmar;285;7;0.01;9;microspora;30;22.5
2021;palmar;285;8;0.0122;4;microspora;22.5;21
2021;palmar;285;9;0.011;4;microspora;15;19.5
2021;palmar;285;10;0.09;4;microspora;15;19.5
2021;palmar;286;1;0.088;3;microspora;22.5;22.5
2021;palmar;286;2;0.075;6;microspora;22.5;22.5
2021;palmar;286;3;0.098;4;microspora;22.5;22.5
2021;palmar;286;4;0.082;4;microspora;22.5;19.5
2021;palmar;286;5;0.088;3;microspora;24;19.5
2021;palmar;286;6;0.078;4;microspora;24;22.5
2021;palmar;286;7;0.081;6;microspora;22.5;19.5
2021;palmar;286;8;0.07;6;microspora;22.5;22.5
2021;palmar;286;9;0.095;5;microspora;19.5;19.5
2021;palmar;286;10;0.097;5;microspora;22.5;22.5
2021;palmar;287;1;0.09;3;microspora;22.5;22.5
2021;palmar;287;2;0.0113;3;microspora;22.5;22.5
2021;palmar;287;3;0.084;4;microspora;24;22.5
2021;palmar;287;4;0.0148;4;microspora;22.5;18
2021;palmar;287;5;0.082;7;microspora;19.5;19.5
2021;palmar;287;6;0.089;6;microspora;22.5;19.5
2021;palmar;287;7;0.016;6;microspora;22.5;18
2021;palmar;287;8;0.0111;6;microspora;22.5;22.5
2021;palmar;287;9;0.0111;1;microspora;22.5;21
2021;palmar;287;10;0.099;6;microspora;27;19.5
2021;palmar;288;1;0.017;8;microspora;18;16.5
2021;palmar;288;2;0.011;5;microspora;18;12
2021;palmar;288;3;0.0118;4;microspora;19.5;12
2021;palmar;288;4;0.011;6;microspora;19.5;19.5
2021;palmar;288;5;0.0126;5;microspora;21;15
2021;palmar;288;6;0.01;5;microspora;19.5;18
2021;palmar;288;7;0.011;5;microspora;19.5;19.5
2021;palmar;288;8;0.0128;4;microspora;19.5;12
2021;palmar;288;9;0.0144;6;microspora;21;18
2021;palmar;288;10;0.0133;6;microspora;19.5;19.5
2021;palmar;289;1;0.094;6;microspora;21;21
2021;palmar;289;2;0.092;4;microspora;24;16.5
2021;palmar;289;3;0.01;6;microspora;22.5;16.5
2021;palmar;289;4;0.067;8;microspora;21;21
2021;palmar;289;5;0.085;5;microspora;21;21
2021;palmar;289;6;0.085;2;microspora;22.5;22.5
2021;palmar;289;7;0.019;5;microspora;22.5;22.5
2021;palmar;289;8;0.018;5;microspora;22.5;21
2021;palmar;289;9;0.075;2;microspora;22.5;19.5
2021;palmar;289;10;NA;4;microspora;21;19.5
2021;gualeguaychu;305;1;0.0136;4;microspora;21;21
2021;gualeguaychu;305;2;0.0122;4;microspora;21;21
2021;gualeguaychu;305;3;0.0127;4;microspora;22.5;15
2021;gualeguaychu;305;4;0.0142;5;microspora;22.5;22.5
2021;gualeguaychu;305;5;0.0126;5;microspora;21;19.5
2021;gualeguaychu;305;6;0.012;5;microspora;24;15
2021;gualeguaychu;305;7;0.091;5;microspora;24;22.5
2021;gualeguaychu;305;8;0.0133;4;microspora;22.5;22.5
2021;gualeguaychu;305;9;0.015;6;microspora;22.5;21
2021;gualeguaychu;305;10;0.0132;6;microspora;24;22.5
2021;gualeguaychu;306;1;0.067;7;microspora;21;21
2021;gualeguaychu;306;2;0.089;5;microspora;21;16.5
2021;gualeguaychu;306;3;0.072;5;microspora;22.5;15
2021;gualeguaychu;306;4;0.072;5;microspora;22.5;21
2021;gualeguaychu;306;5;0.093;6;microspora;15;15
2021;gualeguaychu;306;6;0.088;6;microspora;21;21
2021;gualeguaychu;306;7;0.019;6;microspora;18;18
2021;gualeguaychu;306;8;0.0118;6;microspora;22.5;19.5
2021;gualeguaychu;306;9;0.016;7;microspora;18;18
2021;gualeguaychu;306;10;0.083;5;microspora;22.5;22.5
2021;gualeguaychu;321;1;NA;4;microspora;24;21
2021;gualeguaychu;321;2;NA;3;microspora;21;18
2021;gualeguaychu;321;3;NA;7;microspora;24;22.5
2021;gualeguaychu;321;4;NA;4;microspora;22.5;16.5
2021;gualeguaychu;321;5;NA;3;microspora;22.5;22.5
2021;gualeguaychu;321;6;NA;2;microspora;22.5;22.5
2021;gualeguaychu;321;7;NA;5;microspora;24;22.5
2021;gualeguaychu;321;8;NA;3;microspora;22.5;19.5
2021;gualeguaychu;321;9;NA;3;microspora;24;21
2021;gualeguaychu;321;10;NA;4;microspora;19.5;18
2021;gualeguaychu;324;1;0.062;7;NA;NA;NA
2021;gualeguaychu;324;2;0.083;5;NA;NA;NA
2021;gualeguaychu;324;3;0.056;5;NA;NA;NA
2021;gualeguaychu;324;4;0.08;6;NA;NA;NA
2021;gualeguaychu;324;5;0.076;6;NA;NA;NA
2021;gualeguaychu;324;6;0.0125;7;NA;NA;NA
2021;gualeguaychu;324;7;0.045;5;NA;NA;NA
2021;gualeguaychu;324;8;0.041;5;NA;NA;NA
2021;gualeguaychu;324;9;0.054;3;NA;NA;NA
2021;gualeguaychu;324;10;0.083;3;NA;NA;NA
2021;gualeguaychu;325;1;0.031;9;NA;NA;NA
2021;gualeguaychu;325;2;0.049;8;NA;NA;NA
2021;gualeguaychu;325;3;0.046;4;NA;NA;NA
2021;gualeguaychu;325;4;0.08;6;NA;NA;NA
2021;gualeguaychu;325;5;0.04;NA;NA;NA;NA
2021;gualeguaychu;325;6;0.061;NA;NA;NA;NA
2021;gualeguaychu;325;7;0.076;NA;NA;NA;NA
2021;gualeguaychu;325;8;0.063;NA;NA;NA;NA
2021;gualeguaychu;325;9;0.048;NA;NA;NA;NA
2021;gualeguaychu;325;10;0.06;NA;NA;NA;NA
2021;gualeguaychu;331;1;0.092;8;microspora;21;18
2021;gualeguaychu;331;2;0.096;7;microspora;22.5;22.5
2021;gualeguaychu;331;3;0.018;5;microspora;19.5;19.5
2021;gualeguaychu;331;4;0.093;8;microspora;22.5;18
2021;gualeguaychu;331;5;0.097;7;microspora;24;21
2021;gualeguaychu;331;6;0.0116;8;microspora;22.5;22.5
2021;gualeguaychu;331;7;0.013;8;microspora;22.5;22.5
2021;gualeguaychu;331;8;0.0127;7;microspora;25.5;18
2021;gualeguaychu;331;9;0.017;5;microspora;22.5;22.5
2021;gualeguaychu;331;10;0.0124;8;microspora;24;21
2021;gualeguaychu;337;1;0.092;5;microspora;24;22.5
2021;gualeguaychu;337;2;0.0112;5;microspora;25.5;22.5
2021;gualeguaychu;337;3;0.0127;3;microspora;24;22.5
2021;gualeguaychu;337;4;0.081;8;microspora;24;22.5
2021;gualeguaychu;337;5;0.066;6;microspora;22.5;21
2021;gualeguaychu;337;6;0.0122;5;microspora;24;21
2021;gualeguaychu;337;7;0.086;7;microspora;22.5;19.5
2021;gualeguaychu;337;8;0.098;5;microspora;27;16.5
2021;gualeguaychu;337;9;0.0116;6;microspora;22.5;16.5
2021;gualeguaychu;337;10;0.0117;6;microspora;24;19.5
2021;gualeguaychu;348;1;0.093;5;NA;NA;NA
2021;gualeguaychu;348;2;0.093;4;NA;NA;NA
2021;gualeguaychu;348;3;0.014;4;NA;NA;NA
2021;gualeguaychu;348;4;0.096;4;NA;NA;NA
2021;gualeguaychu;348;5;0.011;3;NA;NA;NA
2021;gualeguaychu;348;6;0.0114;4;NA;NA;NA
2021;gualeguaychu;348;7;0.0111;2;NA;NA;NA
2021;gualeguaychu;348;8;0.0112;6;NA;NA;NA
2021;gualeguaychu;348;9;0.013;4;NA;NA;NA
2021;gualeguaychu;348;10;0.016;4;NA;NA;NA
2021;gualeguaychu;357;1;0.044;3;NA;NA;NA
2021;gualeguaychu;357;2;0.051;5;NA;NA;NA
2021;gualeguaychu;357;3;0.052;6;NA;NA;NA
2021;gualeguaychu;357;4;0.053;3;NA;NA;NA
2021;gualeguaychu;357;5;0.068;5;NA;NA;NA
2021;gualeguaychu;357;6;0.047;NA;NA;NA;NA
2021;gualeguaychu;357;7;0.087;NA;NA;NA;NA
2021;gualeguaychu;357;8;0.099;NA;NA;NA;NA
2021;gualeguaychu;357;9;0.073;NA;NA;NA;NA
2021;gualeguaychu;357;10;0.045;NA;NA;NA;NA
2021;gualeguaychu;359;1;0.028;NA;NA;NA;NA
2021;gualeguaychu;359;2;0.034;NA;NA;NA;NA
2021;gualeguaychu;359;3;0.059;NA;NA;NA;NA
2021;gualeguaychu;359;4;0.032;NA;NA;NA;NA
2021;gualeguaychu;359;5;0.028;NA;NA;NA;NA
2021;gualeguaychu;359;6;0.039;NA;NA;NA;NA
2021;gualeguaychu;362;1;0.041;4;NA;NA;NA
2021;gualeguaychu;362;2;0.043;3;NA;NA;NA
2021;gualeguaychu;362;3;0.034;3;NA;NA;NA
2021;gualeguaychu;362;4;0.037;4;NA;NA;NA
2021;gualeguaychu;362;5;0.032;2;NA;NA;NA
2021;gualeguaychu;362;6;0.043;4;NA;NA;NA
2021;gualeguaychu;362;7;0.034;4;NA;NA;NA
2021;gualeguaychu;362;8;0.033;3;NA;NA;NA
2021;gualeguaychu;362;9;0.074;4;NA;NA;NA
2021;gualeguaychu;362;10;0.049;4;NA;NA;NA
2021;gualeguaychu;363;1;0.09;5;microspora;22.5;22.5
2021;gualeguaychu;363;2;0.0113;6;microspora;27;22.5
2021;gualeguaychu;363;3;0.0127;4;microspora;18;15
2021;gualeguaychu;363;4;0.011;2;microspora;24;24
2021;gualeguaychu;363;5;0.0131;4;microspora;22.5;21
2021;gualeguaychu;363;6;0.0125;4;microspora;22.5;19.5
2021;gualeguaychu;363;7;0.065;5;microspora;24;21
2021;gualeguaychu;363;8;0.019;4;microspora;22.5;19.5
2021;gualeguaychu;363;9;0.0113;7;microspora;24;24
2021;gualeguaychu;363;10;0.059;6;microspora;27;22.5
2021;gualeguaychu;364;1;0.047;7;NA;NA;NA
2021;gualeguaychu;364;2;0.07;5;NA;NA;NA
2021;gualeguaychu;364;3;0.085;4;NA;NA;NA
2021;gualeguaychu;364;4;0.068;5;NA;NA;NA
2021;gualeguaychu;364;5;0.061;5;NA;NA;NA
2021;gualeguaychu;364;6;0.056;6;NA;NA;NA
2021;gualeguaychu;364;7;0.068;6;NA;NA;NA
2021;gualeguaychu;364;8;0.079;4;NA;NA;NA
2021;gualeguaychu;364;9;0.092;6;NA;NA;NA
2021;gualeguaychu;364;10;0.056;4;NA;NA;NA
2021;gualeguaychu;390;1;0.076;NA;microspora;22.5;22.5
2021;gualeguaychu;390;2;0.07;NA;microspora;22.5;22.5
2021;gualeguaychu;390;3;0.072;NA;microspora;22.5;22.5
2021;gualeguaychu;390;4;0.018;NA;microspora;22.5;15
2021;gualeguaychu;390;5;0.017;NA;microspora;22.5;22.5
2021;gualeguaychu;390;6;0.091;NA;microspora;22.5;18
2021;gualeguaychu;390;7;0.097;NA;microspora;21;15
2021;gualeguaychu;390;8;0.0124;NA;microspora;22.5;15
2021;gualeguaychu;390;9;0.091;NA;microspora;25.5;22.5
2021;gualeguaychu;390;10;0.092;NA;microspora;18;16.5
2021;gualeguaychu;392;1;0.052;NA;microspora;22.5;15
2021;gualeguaychu;392;2;0.065;NA;microspora;19.5;15
2021;gualeguaychu;392;3;0.098;NA;microspora;21;21
2021;gualeguaychu;392;4;0.011;NA;microspora;21;15
2021;gualeguaychu;392;5;0.0118;NA;microspora;18;18
2021;gualeguaychu;392;6;0.098;NA;microspora;22.5;15
2021;gualeguaychu;392;7;0.018;NA;microspora;21;15
2021;gualeguaychu;392;8;0.0115;NA;microspora;19.5;16.5
2021;gualeguaychu;392;9;0.08;NA;microspora;21;18
2021;gualeguaychu;392;10;0.0114;NA;microspora;21;15
2021;gualeguaychu;393;1;0.096;NA;NA;NA;NA
2021;gualeguaychu;393;2;0.013;NA;NA;NA;NA
2021;gualeguaychu;393;3;0.015;NA;NA;NA;NA
2021;gualeguaychu;393;4;0.019;NA;NA;NA;NA
2021;gualeguaychu;393;5;0.086;NA;NA;NA;NA
2021;gualeguaychu;393;6;0.09;NA;NA;NA;NA
2021;gualeguaychu;393;7;0.065;NA;NA;NA;NA
2021;gualeguaychu;393;8;0.015;NA;NA;NA;NA
2021;gualeguaychu;393;9;0.0111;NA;NA;NA;NA
2021;gualeguaychu;393;10;0.0121;NA;NA;NA;NA
2021;gualeguaychu;395;1;0.076;NA;microspora;18;15
2021;gualeguaychu;395;2;0.076;NA;microspora;21;18
2021;gualeguaychu;395;3;0.062;NA;microspora;30;22.5
2021;gualeguaychu;395;4;0.087;NA;microspora;18;12
2021;gualeguaychu;395;5;0.053;NA;microspora;22.5;13.5
2021;gualeguaychu;395;6;0.057;NA;microspora;19.5;19.5
2021;gualeguaychu;395;7;0.082;NA;microspora;18;12
2021;gualeguaychu;395;8;0.018;NA;microspora;22.5;15
2021;gualeguaychu;395;9;0.073;NA;microspora;22.5;15
2021;gualeguaychu;395;10;0.017;NA;microspora;22.5;15
2021;gualeguaychu;396;1;NA;NA;microspora;22.5;22.5
2021;gualeguaychu;396;2;NA;NA;microspora;24;15
2021;gualeguaychu;396;3;NA;NA;microspora;22.5;22.5
2021;gualeguaychu;396;4;NA;NA;microspora;27;22.5
2021;gualeguaychu;396;5;NA;NA;microspora;24;24
2021;gualeguaychu;396;6;NA;NA;microspora;24;22.5
2021;gualeguaychu;396;7;NA;NA;microspora;27;22.5
2021;gualeguaychu;396;8;NA;NA;microspora;24;22.5
2021;gualeguaychu;396;9;NA;NA;microspora;22.5;22.5
2021;gualeguaychu;396;10;NA;NA;microspora;22.5;22.5
2022;concordia;154;1;0.017;6;grano de polen;13.5;13.5
2022;concordia;154;2;0.0217;6;grano de polen;13.5;15
2022;concordia;154;3;0.0173;7;grano de polen;15;13.5
2022;concordia;154;4;0.024;6;grano de polen;15;15
2022;concordia;154;5;0.0124;7;grano de polen;13.5;13.5
2022;concordia;154;6;0.0182;11;grano de polen;15;13.5
2022;concordia;154;7;0.0141;6;grano de polen;13.5;13.5
2022;concordia;154;8;0.0167;6;grano de polen;15;15
2022;concordia;154;9;0.026;8;grano de polen;15;13.5
2022;concordia;154;10;0.0146;6;grano de polen;13.5;13.5
2022;concordia;156;1;0.0176;4;microespora;19.5;18
2022;concordia;156;2;0.0172;4;microespora;18;19.5
2022;concordia;156;3;0.016;4;microespora;19.5;15
2022;concordia;156;4;0.0217;6;microespora;18;15
2022;concordia;156;5;0.0166;5;microespora;18;15
2022;concordia;156;6;0.0193;4;microespora;18;18
2022;concordia;156;7;0.019;4;microespora;21;18
2022;concordia;156;8;0.0155;4;microespora;19.5;16.5
2022;concordia;156;9;0.017;4;microespora;18;16.5
2022;concordia;156;10;0.025;6;NA;NA;NA
2022;concordia;161;1;0.0155;3;grano de polen;21;21
2022;concordia;161;2;0.0147;2;grano de polen;18;19.5
2022;concordia;161;3;0.0148;3;grano de polen;18;16.5
2022;concordia;161;4;0.0127;2;grano de polen;18;16.5
2022;concordia;161;5;0.0142;3;grano de polen;18;18
2022;concordia;161;6;0.0199;0;grano de polen;19.5;18
2022;concordia;161;7;0.0152;2;grano de polen;19.5;18
2022;concordia;161;8;0.0165;4;grano de polen;19.5;18
2022;concordia;161;9;0.0147;3;grano de polen;19.5;18
2022;concordia;161;10;0.0132;3;grano de polen;18;16.5
2022;concordia;171;1;0.0141;3;grano de polen;16.5;18
2022;concordia;171;2;0.0139;4;grano de polen;16.5;16.5
2022;concordia;171;3;0.0142;2;grano de polen;18;16.5
2022;concordia;171;4;0.014;3;grano de polen;19.5;18
2022;concordia;171;5;0.0145;3;grano de polen;16.5;18
2022;concordia;171;6;0.0124;3;grano de polen;16.5;15
2022;concordia;171;7;0.0178;3;grano de polen;18;16.5
2022;concordia;171;8;0.0146;4;grano de polen;18;18
2022;concordia;171;9;0.0156;4;grano de polen;16.5;15
2022;concordia;171;10;0.0145;4;grano de polen;16.5;16.5
2022;concordia;174;1;0.0134;5;grano de polen;13.5;13.5
2022;concordia;174;2;0.0154;6;grano de polen;12;12
2022;concordia;174;3;0.0158;5;grano de polen;12;12
2022;concordia;174;4;0.0155;4;grano de polen;13.5;13.5
2022;concordia;174;5;0.0158;4;grano de polen;13.5;13.5
2022;concordia;174;6;0.0148;6;grano de polen;15;13.5
2022;concordia;174;7;0.0161;4;grano de polen;13.5;12
2022;concordia;174;8;0.013;6;grano de polen;15;12
2022;concordia;174;9;0.0148;5;grano de polen;12;10.5
2022;concordia;174;10;0.0151;5;grano de polen;13.5;13.5
2022;concordia;175;1;0.063;7;microespora;13.5;15
2022;concordia;175;2;0.089;7;microespora;15;15
2022;concordia;175;3;0.06;7;microespora;15;15
2022;concordia;175;4;0.057;8;microespora;18;15
2022;concordia;175;5;0.088;2;microespora;16.5;15
2022;concordia;175;6;NA;8;microespora;15;13.5
2022;concordia;175;7;NA;6;microespora;16.5;16.5
2022;concordia;175;8;NA;6;microespora;15;15
2022;concordia;175;9;NA;6;microespora;15;13.5
2022;concordia;175;10;NA;7;microespora;15;15
2022;concordia;178;1;0.071;4;NA;NA;NA
2022;concordia;178;2;0.05;5;NA;NA;NA
2022;concordia;178;3;0.058;4;NA;NA;NA
2022;concordia;178;4;0.085;6;NA;NA;NA
2022;concordia;178;5;0.061;6;NA;NA;NA
2022;concordia;178;6;NA;6;NA;NA;NA
2022;concordia;178;7;NA;3;NA;NA;NA
2022;concordia;185;1;0.0121;2;NA;NA;NA
2022;concordia;185;2;0.069;6;NA;NA;NA
2022;concordia;185;3;0.092;2;NA;NA;NA
2022;concordia;185;4;0.065;0;NA;NA;NA
2022;concordia;185;5;NA;0;NA;NA;NA
2022;concordia;185;6;NA;0;NA;NA;NA
2022;concordia;185;7;NA;5;NA;NA;NA
2022;concordia;190;1;0.09;5;microespora;15;15
2022;concordia;190;2;0.012;4;microespora;13.5;13.5
2022;concordia;190;3;0.011;5;microespora;15;13.5
2022;concordia;190;4;0.091;4;microespora;16.5;15
2022;concordia;190;5;0.088;5;microespora;15;13.5
2022;concordia;190;6;NA;6;microespora;13.5;13.5
2022;concordia;190;7;NA;4;microespora;13.5;13.5
2022;concordia;190;8;NA;4;microespora;18;16.5
2022;concordia;190;9;NA;5;microespora;15;13.5
2022;concordia;190;10;NA;4;microespora;13.5;13.5
2022;concordia;193;1;0.0125;6;microespora;16.5;15
2022;concordia;193;2;0.012;5;microespora;15;15
2022;concordia;193;3;0.015;6;microespora;13.5;15
2022;concordia;193;4;0.098;6;microespora;16.5;15
2022;concordia;193;5;0.096;6;microespora;16.5;16.5
2022;concordia;193;6;NA;0;microespora;13.5;13.5
2022;concordia;193;7;NA;5;microespora;10.5;12
2022;concordia;193;8;NA;5;microespora;15;15
2022;concordia;193;9;NA;5;microespora;15;15
2022;concordia;193;10;NA;6;microespora;16.5;15
2022;concordia;197;1;0.015;4;microespora;13.5;13.5
2022;concordia;197;2;0.078;4;microespora;12;12
2022;concordia;197;3;0.086;4;microespora;15;13.5
2022;concordia;197;4;0.0118;4;microespora;13.5;13.5
2022;concordia;197;5;0.097;3;microespora;13.5;12
2022;concordia;197;6;0.093;4;microespora;13.5;12
2022;concordia;197;7;0.015;3;microespora;15;13.5
2022;concordia;197;8;0.088;4;microespora;13.5;10.5
2022;concordia;197;9;0.0139;4;microespora;12;12
2022;concordia;197;10;0.06;4;microespora;15;15
2022;concordia;198;1;0.0121;2;microespora;15;15
2022;concordia;198;2;0.0172;5;microespora;16.5;15
2022;concordia;198;3;0.0133;5;microespora;16.5;15
2022;concordia;198;4;0.0166;6;microespora;15;13.5
2022;concordia;198;5;0.0143;6;microespora;16.5;15
2022;concordia;198;6;0.0142;7;microespora;15;15
2022;concordia;198;7;0.0181;5;microespora;16.5;15
2022;concordia;198;8;0.0165;6;microespora;15;15
2022;concordia;198;9;0.0152;3;microespora;15;15
2022;concordia;198;10;0.0133;6;microespora;16.5;15
2022;concordia;199;1;0.0138;8;microespora;16.5;15
2022;concordia;199;2;0.0126;6;microespora;15;13.5
2022;concordia;199;3;0.0142;6;microespora;16.5;13.5
2022;concordia;199;4;0.0144;5;microespora;18;15
2022;concordia;199;5;0.0134;6;microespora;16.5;15
2022;concordia;199;6;0.014;7;microespora;16.5;15
2022;concordia;199;7;0.0157;8;microespora;16.5;16.5
2022;concordia;199;8;0.0149;6;microespora;15;15
2022;concordia;199;9;0.0151;8;microespora;16.5;15
2022;concordia;199;10;0.0165;5;microespora;16.5;16.5
2022;concordia;208;1;0.085;2;microespora;15;15
2022;concordia;208;2;0.059;6;microespora;13.5;13.5
2022;concordia;208;3;0.053;5;microespora;15;12
2022;concordia;208;4;0.073;4;microespora;13.5;13.5
2022;concordia;208;5;0.096;5;microespora;13.5;12
2022;concordia;208;6;NA;5;microespora;13.5;13.5
2022;concordia;208;7;NA;5;microespora;16.5;15
2022;concordia;208;8;NA;5;microespora;15;15
2022;concordia;208;9;NA;4;microespora;13.5;15
2022;concordia;208;10;NA;3;microespora;13.5;13.5
2022;concordia;221;1;0.0121;5;microespora;18;16.5
2022;concordia;221;2;0.0144;5;microespora;18;16.5
2022;concordia;221;3;0.0122;4;microespora;18;16.5
2022;concordia;221;4;0.013;4;microespora;16.5;16.5
2022;concordia;221;5;0.0133;6;microespora;18;16.5
2022;concordia;221;6;0.097;5;microespora;18;16.5
2022;concordia;221;7;0.0113;4;microespora;18;18
2022;concordia;221;8;0.0126;6;microespora;16.5;16.5
2022;concordia;221;9;0.0118;4;microespora;18;16.5
2022;concordia;221;10;0.018;5;microespora;18;15
2022;concordia;222;1;0.085;4;microespora;15;16.5
2022;concordia;222;2;0.086;5;microespora;18;16.5
2022;concordia;222;3;0.094;4;microespora;16.5;16.5
2022;concordia;222;4;0.0134;3;microespora;18;16.5
2022;concordia;222;5;0.015;4;microespora;18;15
2022;concordia;222;6;0.013;4;microespora;16.5;16.5
2022;concordia;222;7;0.098;4;microespora;18;16.5
2022;concordia;222;8;0.082;3;microespora;18;16.5
2022;concordia;222;9;0.015;4;microespora;16.5;15
2022;concordia;222;10;0.014;4;microespora;18;16.5
2022;concordia;223;1;0.0122;4;microespora;13.5;13.5
2022;concordia;223;2;0.0176;5;microespora;15;13.5
2022;concordia;223;3;0.0178;4;microespora;13.5;12
2022;concordia;223;4;0.0197;6;microespora;15;15
2022;concordia;223;5;0.0149;5;microespora;13.5;13.5
2022;concordia;223;6;0.025;5;microespora;13.5;13.5
2022;concordia;223;7;0.0287;4;microespora;13.5;13.5
2022;concordia;223;8;0.019;5;microespora;13.5;13.5
2022;concordia;223;9;0.0196;6;microespora;13.5;13.5
2022;concordia;223;10;NA;3;microespora;15;13.5
2022;palmar;271;1;0.0131;5;grano de polen;13.5;15
2022;palmar;271;2;0.0117;6;grano de polen;15;13.5
2022;palmar;271;3;0.013;5;grano de polen;13.5;13.5
2022;palmar;271;4;0.015;4;grano de polen;13.5;12
2022;palmar;271;5;0.012;3;grano de polen;15;13.5
2022;palmar;271;6;NA;4;grano de polen;13.5;13.5
2022;palmar;271;7;NA;4;grano de polen;16.5;15
2022;palmar;271;8;NA;5;grano de polen;13.5;13.5
2022;palmar;271;9;NA;5;grano de polen;13.5;12
2022;palmar;271;10;NA;4;grano de polen;15;13.5
2022;palmar;272;1;0.0141;7;grano de polen;16.5;16.5
2022;palmar;272;2;0.0157;9;grano de polen;16.5;18
2022;palmar;272;3;0.0169;7;grano de polen;15;13.5
2022;palmar;272;4;0.018;6;grano de polen;21;19.5
2022;palmar;272;5;0.0119;6;grano de polen;16.5;16.5
2022;palmar;272;6;NA;8;grano de polen;15;16.5
2022;palmar;272;7;NA;7;grano de polen;18;18
2022;palmar;272;8;NA;6;grano de polen;15;15
2022;palmar;272;9;NA;9;grano de polen;16.5;16.5
2022;palmar;272;10;NA;7;grano de polen;18;16.5
2022;palmar;274;1;0.068;5;grano de polen;16.5;13.5
2022;palmar;274;2;0.074;5;grano de polen;16.5;15
2022;palmar;274;3;0.076;5;grano de polen;16.5;13.5
2022;palmar;274;4;0.0134;5;grano de polen;15;15
2022;palmar;274;5;0.07;2;grano de polen;12;13.5
2022;palmar;274;6;NA;4;grano de polen;12;10.5
2022;palmar;274;7;NA;7;grano de polen;12;12
2022;palmar;274;8;NA;5;grano de polen;15;15
2022;palmar;274;9;NA;6;grano de polen;15;13.5
2022;palmar;274;10;NA;5;grano de polen;12;12
2022;palmar;276;1;0.087;6;grano de polen;13.5;13.5
2022;palmar;276;2;0.017;6;grano de polen;16.5;16.5
2022;palmar;276;3;0.097;6;grano de polen;15;13.5
2022;palmar;276;4;0.01;7;grano de polen;15;13.5
2022;palmar;276;5;0.0137;9;grano de polen;15;13.5
2022;palmar;276;6;NA;8;grano de polen;13.5;15
2022;palmar;276;7;NA;6;grano de polen;15;13.5
2022;palmar;276;8;NA;6;grano de polen;16.5;15
2022;palmar;276;9;NA;6;grano de polen;15;12
2022;palmar;276;10;NA;6;grano de polen;15;15
2022;palmar;280;1;0.019;4;grano de polen;15;15
2022;palmar;280;2;0.0121;3;grano de polen;13.5;13.5
2022;palmar;280;3;0.01;3;grano de polen;15;16.5
2022;palmar;280;4;0.0119;4;grano de polen;16.5;15
2022;palmar;280;5;0.0121;3;grano de polen;16.5;16.5
2022;palmar;280;6;NA;3;grano de polen;16.5;15
2022;palmar;280;7;NA;2;grano de polen;15;16.5
2022;palmar;280;8;NA;4;grano de polen;15;16.5
2022;palmar;280;9;NA;3;grano de polen;15;15
2022;palmar;280;10;NA;4;grano de polen;15;15
2022;palmar;284;1;0.0153;8;grano de polen;15;16.5
2022;palmar;284;2;0.012;4;grano de polen;16.5;15
2022;palmar;284;3;0.014;4;grano de polen;15;15
2022;palmar;284;4;0.0146;4;grano de polen;15;13.5
2022;palmar;284;5;0.0128;7;grano de polen;13.5;13.5
2022;palmar;284;6;NA;6;grano de polen;15;16.5
2022;palmar;284;7;NA;5;grano de polen;13.5;15
2022;palmar;284;8;NA;6;grano de polen;15;13.5
2022;palmar;284;9;NA;5;grano de polen;16.5;15
2022;palmar;284;10;NA;3;grano de polen;16.5;15
2022;palmar;288;1;NA;4;microespora;13.5;13.5
2022;palmar;288;2;NA;3;microespora;15;13.5
2022;palmar;288;3;NA;3;microespora;15;12
2022;palmar;288;4;NA;5;microespora;15;12
2022;palmar;288;5;NA;5;microespora;12;13.5
2022;palmar;288;6;NA;4;microespora;12;13.5
2022;palmar;288;7;NA;5;microespora;12;12
2022;palmar;288;8;NA;7;microespora;13.5;12
2022;palmar;288;9;NA;6;microespora;12;12
2022;palmar;288;10;NA;7;microespora;10.5;13.5
2022;palmar;289;1;NA;4;microespora;13.5;13.5
2022;palmar;289;2;NA;4;microespora;15;13.5
2022;palmar;289;3;NA;3;microespora;15;13.5
2022;palmar;289;4;NA;3;microespora;13.5;12
2022;palmar;289;5;NA;3;microespora;15;13.5
2022;palmar;289;6;NA;4;microespora;15;13.5
2022;palmar;289;7;NA;4;microespora;15;13.5
2022;palmar;289;8;NA;3;microespora;13.5;13.5
2022;palmar;289;9;NA;4;microespora;12;13.5
2022;palmar;289;10;NA;2;microespora;12;12
2022;gualeguaychu;305;1;0.023;5;grano de polen;15;13.5
2022;gualeguaychu;305;2;0.01711;5;grano de polen;16.5;15
2022;gualeguaychu;305;3;0.0175;3;grano de polen;15;15
2022;gualeguaychu;305;4;0.0214;5;grano de polen;13.5;13.5
2022;gualeguaychu;305;5;0.013;6;grano de polen;15;13.5
2022;gualeguaychu;305;6;0.0185;7;grano de polen;16.5;15
2022;gualeguaychu;305;7;0.0241;5;grano de polen;15;15
2022;gualeguaychu;305;8;0.0187;5;grano de polen;16.5;15
2022;gualeguaychu;305;9;0.0158;8;grano de polen;15;15
2022;gualeguaychu;305;10;0.0185;NA;grano de polen;18;15
2022;gualeguaychu;306;1;0.013;4;grano de polen;15;15
2022;gualeguaychu;306;2;0.0112;6;grano de polen;15;13.5
2022;gualeguaychu;306;3;0.0139;4;grano de polen;15;15
2022;gualeguaychu;306;4;0.01;6;grano de polen;15;15
2022;gualeguaychu;306;5;0.0127;3;grano de polen;16.5;15
2022;gualeguaychu;306;6;0.018;3;grano de polen;18;15
2022;gualeguaychu;306;7;0.01;4;grano de polen;16.5;15
2022;gualeguaychu;306;8;0.0113;9;grano de polen;16.5;15
2022;gualeguaychu;306;9;0.0122;3;grano de polen;15;13.5
2022;gualeguaychu;306;10;0.012;5;grano de polen;15;15
2022;gualeguaychu;321;1;0.0132;8;grano de polen;13.5;12
2022;gualeguaychu;321;2;0.0159;6;grano de polen;13.5;13.5
2022;gualeguaychu;321;3;0.0123;7;grano de polen;13.5;13.5
2022;gualeguaychu;321;4;0.0173;5;grano de polen;15;15
2022;gualeguaychu;321;5;0.0148;4;grano de polen;15;13.5
2022;gualeguaychu;321;6;0.0162;4;grano de polen;13.5;12
2022;gualeguaychu;321;7;0.0176;5;grano de polen;13.5;13.5
2022;gualeguaychu;321;8;0.0153;7;grano de polen;13.5;15
2022;gualeguaychu;321;9;0.0123;7;grano de polen;13.5;13.5
2022;gualeguaychu;321;10;0.0153;6;grano de polen;13.5;13.5
2022;gualeguaychu;324;1;0.0112;7;grano de polen;13.5;13.5
2022;gualeguaychu;324;2;0.0133;5;grano de polen;13.5;12
2022;gualeguaychu;324;3;0.011;7;grano de polen;13.5;13.5
2022;gualeguaychu;324;4;0.0131;4;grano de polen;15;13.5
2022;gualeguaychu;324;5;0.0123;7;grano de polen;15;13.5
2022;gualeguaychu;324;6;0.0142;7;grano de polen;15;13.5
2022;gualeguaychu;324;7;0.0114;6;grano de polen;13.5;13.5
2022;gualeguaychu;324;8;0.0142;7;grano de polen;15;13.5
2022;gualeguaychu;324;9;0.0181;9;grano de polen;12;13.5
2022;gualeguaychu;324;10;0.0115;7;grano de polen;13.5;15
2022;gualeguaychu;325;1;0.0115;8;micropora;18;16.5
2022;gualeguaychu;325;2;0.08;11;micropora;15;13.5
2022;gualeguaychu;325;3;0.0125;7;micropora;16.5;15
2022;gualeguaychu;325;4;0.091;8;micropora;15;15
2022;gualeguaychu;325;5;0.0114;8;micropora;15;13.5
2022;gualeguaychu;325;6;0.0123;12;micropora;18;15
2022;gualeguaychu;325;7;0.013;5;micropora;18;16.5
2022;gualeguaychu;325;8;0.014;6;micropora;18;16.5
2022;gualeguaychu;325;9;NA;6;micropora;15;13.5
2022;gualeguaychu;325;10;NA;8;micropora;16.5;15
2022;gualeguaychu;331;1;0.0133;7;grano de polen;18;18
2022;gualeguaychu;331;2;0.0151;7;grano de polen;16.5;16.5
2022;gualeguaychu;331;3;0.0161;5;grano de polen;16.5;15
2022;gualeguaychu;331;4;0.0144;1;grano de polen;18;16.5
2022;gualeguaychu;331;5;0.0136;6;grano de polen;18;16.5
2022;gualeguaychu;331;6;0.0154;7;grano de polen;19.5;16.5
2022;gualeguaychu;331;7;0.014;0;grano de polen;18;16.5
2022;gualeguaychu;331;8;0.0167;3;grano de polen;16.5;16.5
2022;gualeguaychu;331;9;0.0144;1;grano de polen;16.5;15
2022;gualeguaychu;331;10;0.0142;3;grano de polen;16.5;16.5
2022;gualeguaychu;337;1;0.0121;5;grano de polen;13.5;13.5
2022;gualeguaychu;337;2;0.0113;4;grano de polen;13.5;13.5
2022;gualeguaychu;337;3;0.09;4;grano de polen;12;12
2022;gualeguaychu;337;4;0.0135;3;grano de polen;13.5;10.5
2022;gualeguaychu;337;5;0.0134;4;grano de polen;13.5;12
2022;gualeguaychu;337;6;0.0134;4;grano de polen;13.5;13.5
2022;gualeguaychu;337;7;0.0121;5;grano de polen;13.5;12
2022;gualeguaychu;337;8;0.017;3;grano de polen;15;13.5
2022;gualeguaychu;337;9;NA;3;grano de polen;15;13.5
2022;gualeguaychu;337;10;NA;6;grano de polen;13.5;13.5
2022;gualeguaychu;348;1;0.0194;4;grano de polen;15;13.5
2022;gualeguaychu;348;2;0.0163;2;grano de polen;16.5;15
2022;gualeguaychu;348;3;0.0186;6;grano de polen;18;16.5
2022;gualeguaychu;348;4;0.0216;3;grano de polen;16.5;13.5
2022;gualeguaychu;348;5;0.0181;2;grano de polen;15;15
2022;gualeguaychu;348;6;0.0175;4;grano de polen;16.5;15
2022;gualeguaychu;348;7;0.0189;2;grano de polen;18;18
2022;gualeguaychu;348;8;0.0125;3;grano de polen;18;16.5
2022;gualeguaychu;348;9;0.0161;4;grano de polen;15;15
2022;gualeguaychu;348;10;0.0143;5;grano de polen;15;15
2022;gualeguaychu;357;1;0.055;1;NA;NA;NA
2022;gualeguaychu;357;2;0.052;3;NA;NA;NA
2022;gualeguaychu;357;3;0.088;4;NA;NA;NA
2022;gualeguaychu;357;4;0.067;1;NA;NA;NA
2022;gualeguaychu;357;5;0.07;3;NA;NA;NA
2022;gualeguaychu;357;6;NA;2;NA;NA;NA
2022;gualeguaychu;357;7;NA;5;NA;NA;NA
2022;gualeguaychu;357;8;NA;1;NA;NA;NA
2022;gualeguaychu;357;9;NA;2;NA;NA;NA
2022;gualeguaychu;357;10;NA;5;NA;NA;NA
2022;gualeguaychu;359;1;0.069;2;microespora;15;13.5
2022;gualeguaychu;359;2;0.057;3;microespora;15;13.5
2022;gualeguaychu;359;3;0.079;4;microespora;16.5;16.5
2022;gualeguaychu;359;4;0.069;4;microespora;16.5;15
2022;gualeguaychu;359;5;0.044;2;microespora;16.5;15
2022;gualeguaychu;359;6;NA;2;microespora;15;15
2022;gualeguaychu;359;7;NA;4;microespora;13.5;13.5
2022;gualeguaychu;359;8;NA;2;microespora;15;13.5
2022;gualeguaychu;359;9;NA;0;microespora;12;12
2022;gualeguaychu;359;10;NA;4;microespora;15;13.5
2022;gualeguaychu;362;1;0.0116;4;grano de polen;15;15
2022;gualeguaychu;362;2;0.074;5;grano de polen;15;13.5
2022;gualeguaychu;362;3;0.017;3;grano de polen;15;15
2022;gualeguaychu;362;4;0.012;6;grano de polen;15;15
2022;gualeguaychu;362;5;0.01;1;grano de polen;15;15
2022;gualeguaychu;362;6;0.0121;3;grano de polen;15;15
2022;gualeguaychu;362;7;0.0119;5;grano de polen;15;13.5
2022;gualeguaychu;362;8;0.081;6;grano de polen;16.5;13.5
2022;gualeguaychu;362;9;NA;4;grano de polen;16.5;16.5
2022;gualeguaychu;362;10;NA;6;grano de polen;15;15
2022;gualeguaychu;363;1;0.04;NA;NA;NA;NA
2022;gualeguaychu;363;2;0.066;NA;NA;NA;NA
2022;gualeguaychu;363;3;0.086;NA;NA;NA;NA
2022;gualeguaychu;363;4;0.054;NA;NA;NA;NA
2022;gualeguaychu;363;5;0.051;NA;NA;NA;NA
2022;gualeguaychu;363;6;NA;NA;NA;NA;NA
2022;gualeguaychu;363;7;NA;NA;NA;NA;NA
2022;gualeguaychu;363;8;NA;NA;NA;NA;NA
2022;gualeguaychu;363;9;NA;NA;NA;NA;NA
2022;gualeguaychu;363;10;NA;NA;NA;NA;NA
2022;gualeguaychu;364;1;0.0149;6;microespora;16.5;16.5
2022;gualeguaychu;364;2;0.0123;5;microespora;15;13.5
2022;gualeguaychu;364;3;0.0177;5;microespora;16.5;16.5
2022;gualeguaychu;364;4;0.0147;4;microespora;16.5;15
2022;gualeguaychu;364;5;0.0146;5;microespora;15;15
2022;gualeguaychu;364;6;0.0119;4;microespora;18;18
2022;gualeguaychu;364;7;0.0166;4;microespora;16.5;15
2022;gualeguaychu;364;8;0.016;3;microespora;15;13.5
2022;gualeguaychu;364;9;0.0131;4;microespora;15;15
2022;gualeguaychu;364;10;0.0169;4;microespora;15;13.5
2022;gualeguaychu;390;1;0.0131;NA;NA;NA;NA
2022;gualeguaychu;390;2;0.0149;NA;NA;NA;NA
2022;gualeguaychu;390;3;0.0127;NA;NA;NA;NA
2022;gualeguaychu;390;4;0.075;NA;NA;NA;NA
2022;gualeguaychu;390;5;NA;NA;NA;NA;NA
2022;gualeguaychu;390;6;NA;NA;NA;NA;NA
2022;gualeguaychu;390;7;NA;NA;NA;NA;NA
2022;gualeguaychu;390;8;NA;NA;NA;NA;NA
2022;gualeguaychu;390;9;NA;NA;NA;NA;NA
2022;gualeguaychu;390;10;NA;NA;NA;NA;NA
2022;gualeguaychu;392;1;NA;3;grano de polen;13.5;13.5
2022;gualeguaychu;392;2;NA;6;grano de polen;13.5;12
2022;gualeguaychu;392;3;NA;5;grano de polen;15;13.5
2022;gualeguaychu;392;4;NA;5;grano de polen;15;15
2022;gualeguaychu;392;5;NA;6;grano de polen;13.5;13.5
2022;gualeguaychu;392;6;NA;5;grano de polen;13.5;13.5
2022;gualeguaychu;392;7;NA;6;grano de polen;13.5;13.5
2022;gualeguaychu;392;8;NA;4;grano de polen;13.5;13.5
2022;gualeguaychu;392;9;NA;4;grano de polen;15;15
2022;gualeguaychu;392;10;NA;4;grano de polen;13.5;13.5
2022;gualeguaychu;393;1;0.015;5;grano de polen;16.5;15
2022;gualeguaychu;393;2;0.0123;5;grano de polen;16.5;15
2022;gualeguaychu;393;3;0.0136;4;grano de polen;16.5;16.5
2022;gualeguaychu;393;4;0.0122;6;grano de polen;15;15
2022;gualeguaychu;393;5;0.0136;7;grano de polen;18;15
2022;gualeguaychu;393;6;0.0111;6;grano de polen;18;15
2022;gualeguaychu;393;7;0.012;5;grano de polen;15;15
2022;gualeguaychu;393;8;0.0153;5;grano de polen;18;18
2022;gualeguaychu;393;9;0.0133;4;grano de polen;18;16.5
2022;gualeguaychu;393;10;0.013;6;grano de polen;16.5;16.5
2022;gualeguaychu;395;1;0.061;8;grano de polen;16.5;13.5
2022;gualeguaychu;395;2;0.088;10;grano de polen;15;15
2022;gualeguaychu;395;3;0.061;10;grano de polen;16.5;15
2022;gualeguaychu;395;4;0.066;9;grano de polen;15;15
2022;gualeguaychu;395;5;0.082;11;grano de polen;15;13.5
2022;gualeguaychu;395;6;NA;10;grano de polen;15;12
2022;gualeguaychu;395;7;NA;10;grano de polen;15;13.5
2022;gualeguaychu;395;8;NA;5;grano de polen;13.5;13.5
2022;gualeguaychu;395;9;NA;8;grano de polen;15;15
2022;gualeguaychu;395;10;NA;0;grano de polen;16.5;16.5
2022;gualeguaychu;396;1;0.092;5;grano de polen;18;16.5
2022;gualeguaychu;396;2;0.014;3;grano de polen;16.5;15
2022;gualeguaychu;396;3;0.01;6;grano de polen;15;15
2022;gualeguaychu;396;4;0.013;3;grano de polen;16.5;15
2022;gualeguaychu;396;5;0.0111;6;grano de polen;18;16.5
2022;gualeguaychu;396;6;0.0115;8;grano de polen;16.5;15
2022;gualeguaychu;396;7;0.013;3;grano de polen;15;15
2022;gualeguaychu;396;8;0.0119;3;grano de polen;16.5;16.5
2022;gualeguaychu;396;9;0.0119;4;grano de polen;16.5;15
2022;gualeguaychu;396;10;0.0135;4;grano de polen;16.5;16.5
